,max,mean,median,min,rmse,sse,std
Voom.txt,0.042703848349915745,0.01929228955335633,0.018624819760954255,0.007416408219678309,0.020100501657218207,0.10221963221857347,0.005642493301838299
