,max,mean,median,min,rmse,sse,std
LiftSlam.txt,4.8021989475719,1.1087224511900344,0.8095152930675219,0.3506396104194617,1.3689082221280797,511.5773537264919,0.8028974074170514
