,max,mean,median,min,rmse,sse,std
LiftSlam.txt,7.557038972988046,3.7154746443061306,3.85719092963191,0.23342770053065942,4.127689260942264,1754.8953193945038,1.7980730803880918
