,max,mean,median,min,rmse,sse,std
OrbSlam2.txt,0.05385696608083546,0.018388764344189023,0.017126697089973334,0.003647100908123923,0.019662846455152313,0.0757789960209036,0.00696282102403748
