,max,mean,median,min,rmse,sse,std
OrbSlam2.txt,3.2889178527542406,0.5846689752540302,0.49643003977722855,0.022589611299022722,0.8047418316164096,196.87326232821346,0.5529661878711356
