,max,mean,median,min,rmse,sse,std
OrbSlam2.txt,0.09386622869971396,0.06585796118243091,0.06416915004481209,0.0425838974060488,0.06724941210110055,0.21707920454129517,0.013609275397208841
