,max,mean,median,min,rmse,sse,std
VinsFusion.txt,32.33667927123631,17.194440829342362,16.837178438775172,3.043820933923517,18.256915236992334,750291.9613880971,6.13727614964223
