,max,mean,median,min,rmse,sse,std
OrbSlam2.txt,13.181774669764692,5.923266235288621,4.975260065120785,0.5625101778669198,6.720100294080537,72707.19421962713,3.1740612893249374
