,max,mean,median,min,rmse,sse,std
CudaOrbSlam3.txt,2.713268321884906,0.7999727845027795,0.6723123406268269,0.08557497531529201,0.9477841135143508,144.62545085865958,0.5082698789866001
