,max,mean,median,min,rmse,sse,std
CudaOrbSlam3.txt,0.16397548268872686,0.0412242430587874,0.035676810439448,0.01143317014821374,0.04846790788227676,0.18558190946430445,0.025489211025743544
