,max,mean,median,min,rmse,sse,std
VinsFusion.txt,3.353003688064922,2.991752322928609,2.9618212438673015,2.8284462498032488,2.9951525457664734,1695.5074279857522,0.142677295540177
