,max,mean,median,min,rmse,sse,std
CudaOrbSlam3.txt,36.67289167025481,18.80612185456346,18.51541537810533,2.7871580635414372,20.460523065973117,967042.2395477335,8.059949436846887
