,max,mean,median,min,rmse,sse,std
CudaOrbSlam3.txt,3.1237380582165435,2.1021275836239584,2.029292495590226,1.4805976496066144,2.1485144610038462,1647.9528369239251,0.4440428034660018
