,max,mean,median,min,rmse,sse,std
OrbSlam3.txt,12.394031666584768,6.256454196507752,5.312815175183854,0.08354992589979002,7.126985552021923,86857.60843042699,3.4133127524048783
