,max,mean,median,min,rmse,sse,std
CudaOrbSlam3.txt,0.8181085486064866,0.10352607120001556,0.09179894153965601,0.04274114606740767,0.12660292372807583,2.7568676509974814,0.07287422643422226
