,max,mean,median,min,rmse,sse,std
OrbSlam3.txt,4.149619872824779,0.5582665304639215,0.5113941858820449,0.02644536592162677,0.8038372970186924,208.70787122529657,0.5783535951665666
