,max,mean,median,min,rmse,sse,std
CrowdSlam.txt,0.24967325202735322,0.13373529527136085,0.12824343954895087,0.046648325669891785,0.14185119922844533,2.656072679376347,0.047293059968984974
