,max,mean,median,min,rmse,sse,std
OrbSlam3.txt,0.14390809928968168,0.08747187074918837,0.08466092827632662,0.05876075686600225,0.08903047106232405,0.6341139822063456,0.016586036452890217
