,max,mean,median,min,rmse,sse,std
LiftSlam.txt,0.5211014012784013,0.2218147711571001,0.2168038682426341,0.0306746130662164,0.25178626146056826,2.2822675725704267,0.11914079383994783
