,max,mean,median,min,rmse,sse,std
OrbSlam2.txt,0.04546107016092946,0.02614312089310393,0.025297158855685276,0.01656363893089237,0.0269454508801686,0.01960354772466063,0.0065264502682646644
