,max,mean,median,min,rmse,sse,std
OrbSlam3.txt,0.3534893606609355,0.2972568200969262,0.2960756959400945,0.25794621193510886,0.29822220809699806,7.025982346777688,0.02397641149365156
