,max,mean,median,min,rmse,sse,std
CudaOrbSlam3.txt,18.231462576346605,8.404354694993438,7.291069728415576,0.8180358209648926,9.516925333008539,189838.6348963491,4.4652760222411185
