,max,mean,median,min,rmse,sse,std
Voom.txt,0.31877510118559405,0.09009611192887028,0.08157295061435747,0.03135096846410782,0.09918809263685818,4.810917805538663,0.041484555394007055
