,max,mean,median,min,rmse,sse,std
OrbSlam2.txt,0.05599132046942178,0.03274315838157286,0.03246609858696175,0.018582476569756066,0.033359136759699204,0.10905753652452682,0.00638103318840686
