,max,mean,median,min,rmse,sse,std
OaSlam.txt,0.03874335047936081,0.019783778284524524,0.019170812045321922,0.008507782712118694,0.020558533497956315,0.0845306599173184,0.005590654378099925
