,max,mean,median,min,rmse,sse,std
OrbSlam3.txt,0.3325054712899076,0.09921569096368828,0.09077830217824483,0.08162376024522557,0.1060151988663981,0.6631141210502343,0.037355977530776
