,max,mean,median,min,rmse,sse,std
CrowdSlam.txt,0.06614873808857782,0.022633100072055507,0.0214811416085242,0.009144548312225127,0.024471793164307993,0.040723068926013656,0.009306526838998111
