,max,mean,median,min,rmse,sse,std
Ov2slam.txt,0.5254346966746865,0.430669911680583,0.4227872809658342,0.39259334413477903,0.43182510908634547,31.51392429752638,0.03156504412278081
