,max,mean,median,min,rmse,sse,std
Voom.txt,2.2859080808753593,1.6069891988344234,1.6552780754849215,1.1732687362907044,1.6447051272887079,1544.5863797216957,0.3502009002833413
