,max,mean,median,min,rmse,sse,std
Voom.txt,0.04257542905541806,0.024171045916806213,0.024250665755915973,0.008370094283185567,0.024801985573495684,0.1279488055846807,0.005558689384696153
