,max,mean,median,min,rmse,sse,std
OrbSlam2.txt,0.8007589091237481,0.5549941416455922,0.5647743545267024,0.32190950891992026,0.5690027782593953,40.47052020836382,0.12548172937118315
