,max,mean,median,min,rmse,sse,std
CudaOrbSlam3.txt,42.26120283507763,7.778236149798212,5.835646997450293,0.21193633502268627,10.372135745730615,14631.043190189337,6.861504377746549
