,max,mean,median,min,rmse,sse,std
Ov2slam.txt,17.25239690458219,5.481749163296002,4.608578369397203,1.0504629942661519,6.198380710762328,101428.59786985334,2.893155638097282
