,max,mean,median,min,rmse,sse,std
OrbSlam3.txt,0.06192634454775917,0.031684750147740824,0.03044106809635922,0.015653209350309557,0.03231636428316708,0.20991382749695378,0.006357987775829308
