,max,mean,median,min,rmse,sse,std
CrowdSlam.txt,0.07181967139523705,0.02670381159773017,0.025737559906100063,0.014648449375807459,0.027418436232428452,0.2856728452640632,0.0062190908969620845
