,max,mean,median,min,rmse,sse,std
OrbSlam2.txt,995.50022947607,444.4116510031078,498.8524738377438,6.159852796354871,519.9406556384754,98673474.16580519,269.88251117562163
