,max,mean,median,min,rmse,sse,std
OrbSlam2.txt,3.8112766453208753,0.8271888084602802,0.5762674374307407,0.2098805716915671,1.1225963603362328,165.0891590594606,0.7589342945197688
