,max,mean,median,min,rmse,sse,std
VinsFusion.txt,56.08255541832968,21.395375053354446,15.455314662512622,5.119279811648149,26.007808193441853,671671.2444176732,14.786616021022509
