,max,mean,median,min,rmse,sse,std
CudaOrbSlam3.txt,0.052590988012036176,0.033354090507958234,0.03198237930762901,0.01458560947636698,0.033954964999588694,0.2732466966052205,0.006359582888069261
