,max,mean,median,min,rmse,sse,std
Voom.txt,0.053769858410042656,0.030180871919698146,0.029844774990871403,0.016085527798824925,0.030769368587317273,0.1533741550084743,0.0059890745052105405
