,max,mean,median,min,rmse,sse,std
OaSlam.txt,0.13140794463096908,0.07535747937376781,0.07373181742835869,0.04914097412079515,0.0767792822917956,0.3242282004083781,0.014707429812016698
