,max,mean,median,min,rmse,sse,std
OrbSlam2.txt,0.042350619977369705,0.025128194596696983,0.024453770048186607,0.009815885081571602,0.025797773314186073,0.08651826403611704,0.005839430133211585
