,max,mean,median,min,rmse,sse,std
OrbSlam3.txt,0.07401373141440373,0.03143350695280789,0.029815070402876294,0.012891859588518063,0.03275503647176011,0.2435465780384581,0.009210160417393037
