,max,mean,median,min,rmse,sse,std
Ov2slam.txt,0.8393140418692259,0.4168083168012959,0.4057727104375962,0.045394584951033184,0.4573515891546334,61.9144609262715,0.1882586071008152
