,max,mean,median,min,rmse,sse,std
LiftSlam.txt,1.9700119637640754,0.8210728422471609,0.7706843559929611,0.508787586144812,0.8804724585484599,118.61045779014253,0.31791687276163644
