,max,mean,median,min,rmse,sse,std
OrbSlam3.txt,3.3060511487666835,1.5010938968592642,1.404492359171864,0.46013366710646575,1.6612559681762344,322.89325284073556,0.7116800577598237
