,max,mean,median,min,rmse,sse,std
VinsFusion.txt,16.70108532941993,6.751305875259326,6.016333655773635,2.832444057332637,7.340757696945078,17189.86481731743,2.8821159837777692
