,max,mean,median,min,rmse,sse,std
CudaOrbSlam3.txt,0.03993949364316508,0.016836461173761374,0.01580757723374746,0.00599252478390636,0.01790521359120828,0.12535329943499476,0.006093459517483939
