,max,mean,median,min,rmse,sse,std
OrbSlam3.txt,0.03923058442275777,0.016762307246874903,0.015713643594980446,0.003542418636344007,0.0179234201969394,0.10536966923038613,0.006346183681349007
