,max,mean,median,min,rmse,sse,std
OaSlam.txt,0.04320143416063851,0.02946740769410223,0.028997516213888436,0.015513696501726341,0.02992948499694187,0.09226472943476335,0.005238888810781619
