,max,mean,median,min,rmse,sse,std
CudaOrbSlam3.txt,0.2664263406560741,0.2512426617291308,0.2522660515211313,0.23485631671121576,0.25137722056026585,2.4644297736475766,0.008223864290348784
