,max,mean,median,min,rmse,sse,std
OrbSlam3.txt,87.6365241203096,26.69414086301253,21.162499534261688,2.226142913036745,31.415245043770053,2211682.3890198264,16.5632262782878
