,max,mean,median,min,rmse,sse,std
CrowdSlam.txt,0.4311068735134684,0.09299896712091624,0.08314114118199784,0.026986721132776673,0.10193260249247213,4.561322142939979,0.041730654983250286
