,max,mean,median,min,rmse,sse,std
Voom.txt,0.5176552528179421,0.3517413402962315,0.3092536620188864,0.2584178816934292,0.3618448871277354,25.400754134053813,0.0849102577259915
