,max,mean,median,min,rmse,sse,std
OaSlam.txt,0.43459166701247426,0.22564876657904104,0.2168136590377464,0.08530633353516669,0.2443381080180325,8.238753322116777,0.09372163662244258
