,max,mean,median,min,rmse,sse,std
Ov2slam.txt,26.807826464732514,10.521410383032004,10.01387228461315,1.6739257393454874,12.273762266260963,70803.26287928499,6.320218644993051
