,max,mean,median,min,rmse,sse,std
Ov2slam.txt,4.182619153185346,1.5150378546735577,1.3829697265036958,0.17786357148841023,1.700530130188529,6610.661026330228,0.7723101854728829
