,max,mean,median,min,rmse,sse,std
LiftSlam.txt,5.473066506023276,2.8347369105994584,3.0755890525049607,0.2953517684150833,3.0901049578399578,3380.2570222653485,1.2300468682745904
