,max,mean,median,min,rmse,sse,std
OrbSlam2.txt,85.50033360133574,18.006458881390717,11.262582775091133,1.29941225617861,24.476522799439298,1274885.158251932,16.579131669187532
