,max,mean,median,min,rmse,sse,std
VinsFusion.txt,50.023043946165394,21.182811208533675,20.928798709062548,3.662458295301905,22.32501978071786,874703.4219075737,7.049469307193552
