,max,mean,median,min,rmse,sse,std
OrbSlam3.txt,972.3940285171693,472.77585957615787,533.0626779640196,10.141031976630357,542.6163178435808,112767635.3934182,266.2995587532035
