,max,mean,median,min,rmse,sse,std
OrbSlam3.txt,0.25212535220419224,0.13452293532074547,0.13441317974295272,0.038872273252901574,0.13986880589327833,2.660606469233574,0.03829964405450919
