,max,mean,median,min,rmse,sse,std
CrowdSlam.txt,0.04762252942006774,0.031095074383403153,0.030736039839264387,0.017867940078453937,0.031707673026780965,0.05730646214007544,0.006202650873931109
