,max,mean,median,min,rmse,sse,std
CrowdSlam.txt,0.03073481592079931,0.014604050819557714,0.013932317813368742,0.00574805135459546,0.01538637892811159,0.014204439391166182,0.004843795637639144
