,max,mean,median,min,rmse,sse,std
OrbSlam2.txt,0.30106391134546734,0.19889507144572569,0.1912683630178479,0.1342678558627778,0.20260167005691954,2.462846202591173,0.03857703027000087
