,max,mean,median,min,rmse,sse,std
CudaOrbSlam3.txt,3.8509714432270385,0.6110783835035704,0.4653535143069437,0.1863303417804937,0.8188412208169829,262.1658694594373,0.545054267136503
