,max,mean,median,min,rmse,sse,std
OaSlam.txt,0.04464967491762222,0.02391391794380112,0.023765817371552145,0.010995683165361144,0.024501989092026374,0.07744482356108555,0.005335915857931603
